date,time,user,message
1/12/26,9:19â€¯AM,User1,ML ka class ajj hai?
2/10/26,12:59â€¯PM,User2,*Follow this link to Join the WhatsApp Group* :*https://chat.whatsapp.com/CsWvYJtfEjnA6NERJUhFIN?mode=gi_t*
2/10/26,11:43â€¯PM,User2,*Follow this link to Join the WhatsApp Group* :*https://chat.whatsapp.com/CsWvYJtfEjnA6NERJUhFIN?mode=gi_t*
2/13/26,10:37â€¯PM,User3,*TRAINING + INTERNSHIP PROGRAM*                                                                                                                                                                                                      
2/18/26,12:23â€¯AM,User2,*TRAINING + INTERNSHIP PROGRAM*                                                                                                                                                                                                      
1/14/26,4:31â€¯PM,User4,aj koi exam tha kya?
1/14/26,5:21â€¯PM,User5,Koi bhejo bhai photo
1/14/26,5:21â€¯PM,User5,Question ka
1/14/26,5:25â€¯PM,User4,Hardcopy submit karna ha?
1/14/26,5:28â€¯PM,User5,Google classroom mai karna hai
1/14/26,10:18â€¯PM,User6,Bhai last ka table or final graph photo bhej sakta ha kya
1/14/26,11:16â€¯PM,User7,Kisika complete hua aaj wala?
1/28/26,2:23â€¯PM,User8,Aaj class hogi kya?
1/28/26,2:40â€¯PM,User9,Koi sir se puch lo
1/30/26,10:33â€¯AM,User10,HMC midsem syllabus Kisi Ko pata hai??
1/30/26,10:34â€¯AM,User11,First 2 unit
1/30/26,10:34â€¯AM,User10,Thanks
1/30/26,6:10â€¯PM,User12,mam ka number hai toh please bhejdo
1/30/26,7:00â€¯PM,User13,+91 80933 91827
2/1/26,3:48â€¯PM,User14,Course handouts share kro koi
2/1/26,3:48â€¯PM,User14,Aur midsem me kon sa topic tak aa raha?
2/1/26,3:48â€¯PM,User14,Lesson plan hai?
2/2/26,11:12â€¯AM,User15,If Anyone has pyq then please send
2/5/26,5:56â€¯PM,User16,HMC paper!!
2/8/26,9:41â€¯AM,User17,https://chat.whatsapp.com/ILqHrUKGjYC2FxH06oMXBk?mode=gi_t
2/14/25,9:43â€¯PM,User18,Hope all of you have reached your hostel.
2/14/25,9:43â€¯PM,User18,"If not, reach as soon as possible."
2/14/25,9:47â€¯PM,User18,Localites mentee reach your home as soon as possible
2/15/25,9:26â€¯PM,User18,All of you reach your hostel as soon as possible
2/15/25,9:26â€¯PM,User18,Before 9:30pm
2/15/25,9:27â€¯PM,User18,Localites mentee reach your home as soon as possible
2/16/25,9:54â€¯PM,User18,All of you reach your hostel as soon as possible
2/16/25,9:54â€¯PM,User18,Localites mentee reach your home as soon as possible
3/7/25,2:11â€¯PM,User18,Those are applying for leave meet me today
3/7/25,2:11â€¯PM,User18,Then only I will approve the leave in sap
3/8/25,10:52â€¯AM,User18,All of please meet me today for tutor mentoring
3/8/25,10:52â€¯AM,User18,At my cabin
3/8/25,10:52â€¯AM,User18,Time: 11:30-12:30
3/8/25,10:52â€¯AM,User18,Come as soon as possible
3/8/25,11:54â€¯AM,User18,No one is coming.
4/21/25,6:27â€¯PM,User18,"Those who are sending leave application through  sap, I will not approve it. Come physically and meet me"
4/21/25,6:28â€¯PM,User19,Ma'am your room number?
4/21/25,6:29â€¯PM,User18,f-214
4/21/25,6:29â€¯PM,User19,Ok ma'am
4/22/25,6:08â€¯PM,User18,Tomorrow I will conduct tutor mentoring
4/22/25,6:08â€¯PM,User18,Those who are staying in the hostel meet me tomorrow at 10am. Or anytime upto 6pm
4/22/25,6:08â€¯PM,User18,Those are in bhubaneswar only
4/23/25,4:49â€¯PM,User18,Those who are staying in hostel or at bhubaneswar meet me. It is urgent.
7/9/25,10:28â€¯AM,User18,"Room No for Tutor meeting: A-015, Campus 25"
7/9/25,10:29â€¯AM,User18,All of you are requested to attend the meeting
7/9/25,11:11â€¯AM,User18,All of you please come with your passport photo
7/14/25,10:53â€¯AM,User18,"Dear Mentees, My mobile phone is not working. If you have any queries, you can message here or mail me."
7/14/25,10:53â€¯AM,User18,"Those who have not joined on the day of tutor mentoring, please meet me personally."
7/14/25,10:54â€¯AM,User18,"My cabin room no: CAMPUS 25, B-021."
7/14/25,12:43â€¯PM,User18,please fill this form
7/14/25,12:44â€¯PM,User18,after filling up send it to my mail id: sujata.swainfcs@kiit.ac.in
7/22/25,4:39â€¯PM,User18,"Dear mentees, please fill this this biodata"
7/22/25,4:39â€¯PM,User18,i have received only 3
7/22/25,4:40â€¯PM,User18,palak rupali and tanya
7/22/25,4:41â€¯PM,User18,other mentees please fill and send to my mail
7/29/25,12:51â€¯PM,User18,"Those who are absent in the tutor mentoring, come and meet me"
7/29/25,12:52â€¯PM,User18,3:15-5 I am busy with lab. Either come before or after that
7/29/25,1:01â€¯PM,User18,B-021
7/29/25,1:01â€¯PM,User18,My cabin no
8/9/25,11:46â€¯AM,User18,Tutor mentoring Time rescheduled to 12:30 due to some emergency
8/9/25,12:04â€¯PM,User18,Those who have open elective selection they can meet me on monday
8/9/25,12:07â€¯PM,User20,Thank you Maam
8/9/25,12:40â€¯PM,User21,Thank you mam
8/21/25,11:41â€¯AM,User18,"Those who have not signed, please come on 2nd half."
8/21/25,11:41â€¯AM,User18,Also who have not submitted the mentee biodata form submit it
8/22/25,10:47â€¯AM,User18,My cabin : B-021 Campus 25
8/22/25,10:48â€¯AM,User18,I am here upto 12pm. Otherwise after 2pm you can come
8/22/25,10:53â€¯AM,User21,Mam we have shl exam from 2:30 and class end at 2
8/22/25,11:18â€¯AM,User18,You have free slot I think
9/12/25,6:02â€¯PM,User18,All of you mantain the discipline and hostel rules
9/12/25,6:02â€¯PM,User18,If anyone is going outside then come back to hostel before your stipulated time.
9/12/25,6:02â€¯PM,User18,Make sure that I will not receive any complaints regarding you.
9/12/25,6:03â€¯PM,User18,Tomorrow I will not come for mentoring. We will meet on Monday.
9/16/25,11:13â€¯AM,User18,Come for the mentoring. I am available at my cabin B-021. Campus 25
9/16/25,11:17â€¯AM,User18,come before 3pm. then I am busy
9/16/25,12:01â€¯PM,User22,Mam can I come at 1?
9/16/25,12:01â€¯PM,User18,Yes
9/17/25,10:55â€¯AM,User20,"Good Morning Ma'am, "
9/18/25,5:29â€¯PM,User18,Regarding Leave for durga puja: max academic leave is 3 days. for these applications I can only approve.
9/18/25,5:30â€¯PM,User18,Otherwise I can't approve the leave
9/22/25,9:21â€¯AM,User18,Come for the tutor mentoring in between 9-11 and 12-1. today timing
9/22/25,9:23â€¯AM,User18,if you can't come today then come tomorrow in between 10-3pm
9/23/25,12:24â€¯PM,User23,Maam we visited your cabin twice but we couldnt find you. When should we come today?
9/23/25,12:24â€¯PM,User18,I have reached
9/23/25,12:25â€¯PM,User18,Come after 10 mins
9/23/25,12:28â€¯PM,User23,Maam we have lab now for 2 hrs.
9/23/25,12:28â€¯PM,User23,Can we come after 2?
9/23/25,12:29â€¯PM,User18,Yes
9/23/25,12:30â€¯PM,User23,Okay maam thank you
10/13/25,7:27â€¯PM,User18,From 15th October I will take leave for long periods
10/13/25,7:27â€¯PM,User18,So if you want to take my sign in your makeup midsem application you can come tomorrow in between 12-3
10/17/25,10:04â€¯PM,User18,"Dear Mentee, You already have received a mail regarding replacement tutor mentoring"
10/17/25,10:07â€¯PM,User18,I have added sumana maam here.
10/17/25,10:07â€¯PM,User18,She is now group admin.
10/17/25,10:07â€¯PM,User18,I am leaving from this group.
10/17/25,10:07â€¯PM,User18,All the very best for your future.
10/17/25,10:08â€¯PM,User24,We will miss you ma'amâ¤ï¸ğŸ«‚
10/17/25,10:08â€¯PM,User24,Take care
10/17/25,10:09â€¯PM,User18,thank you
10/17/25,10:36â€¯PM,User25,take care maamğŸ’•
10/20/25,2:17â€¯PM,User26,Good afternoon everyone 
10/20/25,2:22â€¯PM,User26,POLL:
10/20/25,2:27â€¯PM,User26,I have sanctioned leave to some of the mentees. I hope you didn't take leave without my permission. Take care of it.
10/20/25,2:28â€¯PM,User27,Mam I took approval from sujata mam before she left.
10/20/25,2:28â€¯PM,User26,Then it's okay.
10/20/25,2:31â€¯PM,User26,I need this report before 4pm. Everyone kindly select the appropriate option here quickly
10/20/25,4:06â€¯PM,User20,Ma'am my leave was approved my Sujata Ma'am.
10/20/25,7:18â€¯PM,User26,Those who are present. I am coming to the hostel. Kindly meet me after I arrive. Here I will drop a msg then you come down to ground floor
11/2/25,7:21â€¯PM,User26,Good evening dear students kindly Meet me at My Cabin tomorrow (Monday)
11/3/25,7:36â€¯AM,User20,"Good Morning Ma'am,"
11/3/25,7:41â€¯AM,User19,Same ma'am
11/3/25,7:45â€¯AM,User26,Tell me your available time
11/3/25,7:50â€¯AM,User20,After 1 pm Ma'am
11/3/25,8:09â€¯AM,User25,same with me maam after 1 pm i am free
11/3/25,10:58â€¯AM,User26,Come after 1pm
11/3/25,11:10â€¯AM,User28,Maâ€™am we are in A 005 but are unable to find your cabin
11/3/25,12:33â€¯PM,User26,"My cabin is A 005, come to the first chamber A. "
11/9/25,9:03â€¯PM,User26,"Dear mentees, "
11/12/25,8:18â€¯AM,User26,Dear students 
12/7/25,12:35â€¯PM,User26,Dear Mentees
12/7/25,4:43â€¯PM,User26,Dear mentees.. 
12/7/25,5:12â€¯PM,User26,Kindly meet me at the reception. Ground floor of 25G
12/7/25,5:23â€¯PM,User26,I am waiting here
12/7/25,9:23â€¯PM,User26,Dear Students 
12/7/25,9:24â€¯PM,User29,Mam I have classes till 2 pm
12/7/25,9:50â€¯PM,User26,Then come 4-5 pm
12/11/25,4:43â€¯PM,User26,"As the winter vacation is approaching, many students have started applying for leave, which requires my approval. I have created this WhatsApp group to keep you informed about the university guidelines that must be followed before hostel leave can be granted."
12/11/25,4:43â€¯PM,User26,"If you don't follow the guidelines stepwise, your leave will be rejected"
12/11/25,7:30â€¯PM,User26,Dear mentees ..don't apply leave too early dates.
12/17/25,8:18â€¯PM,User26,In this prescribed format
12/17/25,8:18â€¯PM,User26,"Those who have applied and already it is approved, ignore this msg"
1/7/26,3:05â€¯PM,User26,"Good afternoon, dear students."
1/11/26,8:12â€¯PM,User26,As the mentorâ€“mentee list has been revised and updated recently. 
1/11/26,8:15â€¯PM,User20,Thank you so much Ma'am
7/18/25,12:06â€¯PM,User29,"Respected Sir,"
7/18/25,12:08â€¯PM,User30,Yes sure
7/18/25,12:09â€¯PM,User30,"Get a first hand idea about the topic of ur choice & meet me tomorrow between 10 am to 11 am in my chamber at Campus 25, Block C-201, chamber I for discussion"
7/18/25,12:54â€¯PM,User29,Thank you sir
11/3/25,8:25â€¯PM,User29,"Sir, my CN viva was scheduled for Wednesday, but it might be a holiday that day. The next CN class is on Friday, but I have my DAA sessional that day. So, on which day should I give my viva?"
11/3/25,8:38â€¯PM,User30,Already msged in grp
1/8/26,10:25â€¯PM,User29,"Sir, I attempted the questions and showed NA though answers are correct. I have written  answers, and some of them are matching with the answer script. Still, I did not receive full marks. I have applied for rechecking, sir. Kindly please look into it once, as my grade may improve from E to O. Thank you."
1/13/26,8:06â€¯PM,User30,Sure.
1/13/26,9:15â€¯PM,User30,Transaction slip ?
1/13/26,9:15â€¯PM,User30,https://chat.whatsapp.com/K8bhWT51HCI738zEW7aPFm
1/13/26,9:16â€¯PM,User30,Join this grp
7/19/25,2:11â€¯PM,User29,"Good afternoon sir,"
7/19/25,3:05â€¯PM,User30,Ok 
7/19/25,3:05â€¯PM,User30,*1st draft deadline is July 25:::::* 
7/22/25,5:25â€¯PM,User29,Sir in PROPOSED MODEL it's max 3 page including the pic ?
7/22/25,5:31â€¯PM,User30,Yes
7/22/25,5:31â€¯PM,User30,Diagram with its explanation
7/23/25,10:43â€¯AM,User29,Sir please take a look at this document once. Formatting is not done yet.
7/23/25,10:51â€¯AM,User30,Few changes needed.
7/23/25,5:53â€¯PM,User30,"Dear team, "
7/25/25,9:13â€¯AM,User29,"Sir, I have uploaded it on the draft link. After that, what do I have to do now?"
7/25/25,10:10â€¯AM,User30,Ok
7/25/25,10:10â€¯AM,User30,I will tell soon
7/31/25,10:29â€¯AM,User30,"Dear team,"
7/31/25,10:30â€¯AM,User30,"Dear team,"
7/31/25,8:30â€¯PM,User30,No
7/31/25,8:30â€¯PM,User30,Also remove paper title
7/31/25,8:31â€¯PM,User29,Ok sir
8/6/25,5:33â€¯PM,User30,"Meet me tomorrow morning 10.30 am with ur laptop in library 2nd floor, Campus 25, Block C for final round of paper revision."
8/6/25,5:34â€¯PM,User29,Sir I have continuous classes till 12 pm
8/6/25,7:15â€¯PM,User30,12 pm then
9/3/25,10:03â€¯AM,User30,"Dear team, Congratulations. "
9/3/25,2:03â€¯PM,User29,"Sir , I am in the reading room."
9/4/25,9:07â€¯AM,User30,"Dear team,"
9/4/25,5:00â€¯PM,User30,sunilkara@ybl
9/4/25,5:00â€¯PM,User30,Transfer the registration fees to his upi id.
9/4/25,5:00â€¯PM,User30,Then submit the Google form by 6.30 pm
9/4/25,5:17â€¯PM,User29,Sir it is showing like this . I have tried from another phone also.
9/4/25,5:19â€¯PM,User30,Ohh. Payment limit exceeded i think.
9/4/25,5:19â€¯PM,User30,Wait
9/4/25,5:19â€¯PM,User30,sunilkara@ybl
9/4/25,5:19â€¯PM,User30,Transfer the registration fees to his upi id.
9/4/25,5:19â€¯PM,User30,Then submit the Google form by 6.30 pm
9/4/25,5:27â€¯PM,User29,It is showing the same thing sir
9/4/25,5:27â€¯PM,User30,Ohh then u send me. I will transfer him.
9/4/25,5:27â€¯PM,User30,Wait
9/4/25,5:27â€¯PM,User30,Account holder: Sushruta Mishra
9/5/25,8:13â€¯AM,User30,Submitted the Google form?
9/5/25,8:15â€¯AM,User29,Yes sir
10/27/25,10:11â€¯AM,User30,URGENT 
10/27/25,6:46â€¯PM,User29,"Sir, if I make some changes to my paper , should I send them to you on WhatsApp or email ?"
10/27/25,6:56â€¯PM,User30,WhatsApp
10/28/25,9:06â€¯AM,User30,AI plag detected. 
10/28/25,9:06â€¯AM,User29,Ok sir
10/28/25,7:37â€¯PM,User30,Mail me this
11/27/25,7:37â€¯PM,User29,"Sir, some of my friends have received their conference certificates, but I havenâ€™t received mine yet. I just wanted to check if there is any issue or if it is still under process. Kindly let me know."
11/27/25,8:08â€¯PM,User30,Which conference ur paper was accepted?
11/27/25,8:09â€¯PM,User29,ICCTRDA 25 Springer <This message was edited>
11/27/25,8:10â€¯PM,User30,U will get it soon
1/3/26,4:42â€¯PM,User29,Sir my friends have received their certificates . I have not received yet.
1/3/26,4:55â€¯PM,User30,They r sending in phases
1/31/26,7:50â€¯PM,User29,"Sir, may I know the current progress of my research paper ?"
1/31/26,8:15â€¯PM,User30,Its under publication.
2/18/26,9:04â€¯AM,User29,"Sir, can you please check once and tell me about the progress of my paper"
2/18/26,9:27â€¯AM,User30,All ICCTRDA papers are under publication. Springer takes time dear. It will be online by may-june I think.
11/15/25,11:28â€¯AM,User31,*Welcome to OutriX!* 
11/15/25,2:54â€¯PM,User31,"*Dear Interns,* "
11/23/25,6:38â€¯PM,User31,"*Hello Intern,* "
12/3/25,12:07â€¯PM,User31,"*Hello Intern,* "
12/13/25,2:39â€¯PM,User31,"Hello Intern, ğŸ‘‹"
12/14/25,2:00â€¯PM,User31,Reminder students ğŸ‘†ğŸ‘†
12/16/25,12:31â€¯PM,User31,"*Hello Intern,* "
12/21/25,1:08â€¯PM,User31,*Great News for Students!* ğŸŒŸ
7/29/25,6:41â€¯PM,User29,Hello uncle
7/29/25,6:41â€¯PM,User29,"I have studied data analysis, statistics, machine learning, and deep learning. I want to pursue a career in the field of AI. What are the requirements typically expected in interviews? Also, what should I learn next and how should I proceed? Please guide me a little."
7/29/25,7:13â€¯PM,User32,Now in 6th sem ?
7/29/25,7:14â€¯PM,User32,Try to do an internship after every semester
7/29/25,7:14â€¯PM,User29,5th sem
7/29/25,7:15â€¯PM,User32,Try to study AI related course & try to do join groups where students learn & do real project
7/29/25,7:15â€¯PM,User32,Do internship
7/29/25,7:16â€¯PM,User29,Ok uncle thank you
9/3/25,11:39â€¯PM,User29,SIH m participate kar rhe ho ?
9/3/25,11:40â€¯PM,User33,Ha
9/3/25,11:40â€¯PM,User29,Acha thik h
9/3/25,11:40â€¯PM,User29,Humme ek chahiye tha isliye poocha
9/3/25,11:41â€¯PM,User33,Mera team pehle hi banna hua hei
9/3/25,11:41â€¯PM,User29,Achhhaaa thik h
9/7/25,11:03â€¯PM,User29,Online class m padhai thi n maam
9/7/25,11:03â€¯PM,User29,Yhi solution h iska
9/9/25,6:48â€¯PM,User29,?
9/9/25,6:48â€¯PM,User29,Kaunsa ?
9/9/25,6:48â€¯PM,User29,Kya bheju ?
9/9/25,6:49â€¯PM,User33,Ee mei jo question karya
9/9/25,6:49â€¯PM,User33,Tha
9/9/25,6:49â€¯PM,User29,Kaunsa
9/9/25,6:49â€¯PM,User33,Wo questions likha nhi hu
9/9/25,6:49â€¯PM,User33,Arre jo bhi class mei karta tha
9/9/25,6:50â€¯PM,User33,Maff kare
9/9/25,6:50â€¯PM,User29,Pdf bheja h n
9/9/25,6:51â€¯PM,User29,Kha k bhejti hu
9/9/25,6:51â€¯PM,User33,Okok
9/9/25,7:10â€¯PM,User33,Thanks
9/9/25,7:11â€¯PM,User29,Aagli baar se nahi milega
9/9/25,7:11â€¯PM,User33,Maff kare
9/10/25,10:34â€¯AM,User33,Isko solve karke answer bhejo na mujhe cross check karna hei
9/17/25,6:58â€¯PM,User33,Isko register karne ka Maan ho toh kar dena warna forward kar do apne circle mei
9/18/25,8:30â€¯PM,User33,AI Odyssey â€“ The Ultimate Agentic AI Event!
9/20/25,6:52â€¯PM,User33,Kesa raha?
9/20/25,7:18â€¯PM,User29,Thik
9/20/25,7:18â€¯PM,User29,Tumhara
9/20/25,8:03â€¯PM,User33,Sahi tha hamara bhi
9/20/25,8:07â€¯PM,User29,Acha
9/20/25,8:08â€¯PM,User29,Dekhi thi tumko
9/20/25,8:08â€¯PM,User33,Hei
9/20/25,8:08â€¯PM,User33,?
9/20/25,8:08â€¯PM,User33,Kaha
9/20/25,8:12â€¯PM,User29,Tumne dekha muze fir chale gye sab dekhi m
9/20/25,8:12â€¯PM,User33,Nhi toh yaar
9/20/25,8:12â€¯PM,User29,25 k main gate m
9/20/25,8:12â€¯PM,User33,Mujhe pata nhi chala
9/20/25,8:12â€¯PM,User29,Koi n
9/20/25,8:12â€¯PM,User33,Dhyan nhi diya hoga
9/20/25,8:13â€¯PM,User29,Kitna cross question poocha
9/20/25,8:13â€¯PM,User33,Baas ml wale kiya
9/20/25,8:13â€¯PM,User33,Mere mei toh aya hi nhi
9/20/25,8:13â€¯PM,User29,Humme poocha gf se break up ho gya mental health k kya karoge tum log mere liye
9/20/25,8:13â€¯PM,User29,Itna hasi aya
9/20/25,8:13â€¯PM,User33,Ye kya hei
9/20/25,8:13â€¯PM,User33,Arre bc
9/20/25,8:14â€¯PM,User29,Hamara topic tha mental health k website
9/20/25,8:14â€¯PM,User29,Wo aisa poocha
9/20/25,8:14â€¯PM,User29,Hum bole moral support dega hamara chat bot
9/20/25,8:14â€¯PM,User33,Gajab yaar
9/20/25,8:14â€¯PM,User33,Taab toh harsh team mei ho na chahiye tha
9/20/25,8:14â€¯PM,User33,Heart attack toh ata hi hei usko
9/20/25,8:15â€¯PM,User33,Souch ye daal du insta mei
9/20/25,8:16â€¯PM,User29,Daal do
9/20/25,8:16â€¯PM,User33,Ye toh girls only team hei
9/20/25,8:16â€¯PM,User29,No humne ek male padh liya tha ğŸ¤£
9/20/25,8:16â€¯PM,User33,Aree ye jo blue shirt hei ye usc mei hei kya
9/20/25,8:16â€¯PM,User33,Isko dekha hei bohot jagah
9/20/25,8:17â€¯PM,User29,Yelog society m h kuch kuch m aur meri roommate ko chor k
9/20/25,8:17â€¯PM,User29,We are alsi
9/20/25,8:18â€¯PM,User33,Nhi jo blue wali wo toh sayad team mei thi mere dost ki fir thumare team mei kese
9/20/25,8:18â€¯PM,User29,Nss wagerah m h
9/20/25,8:18â€¯PM,User33,Samaj gaya
9/20/25,8:18â€¯PM,User29,Muze kya pata hum sabka first sih tha y
9/20/25,8:19â€¯PM,User33,Ha ye usc mei bhi hei
9/20/25,8:19â€¯PM,User29,Usc kya h society?
9/20/25,8:19â€¯PM,User33,Ha wahi ui path wala agentic ai
9/20/25,8:19â€¯PM,User29,Acha
9/22/25,10:37â€¯PM,User33,4 likhya tha na toh sirf 2 hi likhna hei?
9/22/25,10:53â€¯PM,User29,Ha
9/22/25,11:11â€¯PM,User33,iska viva wagera hoga mtlb mam puchi gi iss related sawal?
9/22/25,11:13â€¯PM,User29,After vacation viva h
9/22/25,11:14â€¯PM,User33,Mtlb kal baas file check hogi na
9/22/25,11:36â€¯PM,User29,Ha
10/14/25,12:05â€¯PM,User33,ğŸš€ _*UiPath Student Community KIIT â€“ Recruitment 2k25 is LIVE!*_
10/16/25,8:12â€¯AM,User29,Class ayoge n
10/16/25,8:12â€¯AM,User29,Presentation h
10/16/25,8:12â€¯AM,User29,Jaldi aao
10/16/25,10:48â€¯PM,User33,Prims ka algo samjha  thora samaj nhi aa raha samjha dogi?
10/17/25,4:54â€¯PM,User29,Here's a Diwali gift for you! ğŸª”
10/18/25,9:42â€¯PM,User33,Daa ka durga puja ke baad ka notes bhej do na
10/18/25,9:52â€¯PM,User29,Harsh k paas tha
10/18/25,9:52â€¯PM,User29,M likhi nhi hu
10/23/25,9:11â€¯PM,User33,optimal binary search tree syllabus mei hei?
10/23/25,9:20â€¯PM,User29,Nhi
10/23/25,9:20â€¯PM,User29,Padhaya h abhi tak too
11/1/25,8:24â€¯AM,User33,Class jaa rahe ho?
11/1/25,8:32â€¯AM,User29,Nhi
11/1/25,8:39â€¯AM,User33,Pura din?
11/1/25,8:46â€¯AM,User29,Ha
11/1/25,8:46â€¯AM,User29,Nhi Jaa rhi
11/2/25,11:21â€¯PM,User33,Se wale me kya karna hei?
11/2/25,11:38â€¯PM,User29,Don't know maine too kuch nhi padha
11/2/25,11:43â€¯PM,User33,Ok
11/3/25,8:27â€¯PM,User29,Testing estimation reliability
11/3/25,8:40â€¯PM,User29,Bhai sequence se kya jata h
11/3/25,8:40â€¯PM,User29,Topic padh lo
11/3/25,8:45â€¯PM,User33,Ok
11/4/25,7:38â€¯PM,User33,Suna ee ka assignment bhejna
11/7/25,5:26â€¯PM,User33,Daa ka assignment kiya ?
11/7/25,5:26â€¯PM,User33,Even roll hei na
11/7/25,5:27â€¯PM,User33,Agar kiya toh bhejna
11/7/25,6:55â€¯PM,User29,Harsh too bheja
11/7/25,6:55â€¯PM,User29,Mere saamne bath k
11/7/25,7:02â€¯PM,User33,Ha de diya harsh ne
11/9/25,3:59â€¯PM,User33,Wo ee wala bhej do
11/9/25,9:22â€¯PM,User33,PlsğŸ™
11/12/25,10:29â€¯PM,User33,Ye tcp transmission policy and tcp timer management pdf diya hei ya syllabus mei hei?
11/12/25,10:40â€¯PM,User29,Nhi diya h Maine pyq m dekha
11/12/25,10:41â€¯PM,User33,toh ye syllabus mei hei?
11/12/25,10:45â€¯PM,User29,Yesab mat dikha trauma ata h
11/12/25,10:46â€¯PM,User33,Mei kya bolu aab
11/13/25,9:46â€¯AM,User29,https://in.docworkspace.com/d/sIN6o8v_4Acuu08gG?sa=601.1037
11/13/25,10:14â€¯AM,User33,https://drive.google.com/drive/folders/1uQtdovhoI67Xlnu-PiIkUbx-MNfef9n9
11/13/25,10:15â€¯AM,User33,Yaha par saab hei
11/13/25,10:15â€¯AM,User29,Ok
11/13/25,11:32â€¯AM,User33,Agar time mile toh
11/13/25,12:06â€¯PM,User29,What is this
11/13/25,5:38â€¯PM,User33,Ek doubt hei free ho? <This message was edited>
11/13/25,6:04â€¯PM,User33,Aree pls na time mile toh congestion control samjha dona
11/13/25,6:17â€¯PM,User29,Muze khud kuch samajh nhi aa rha
11/13/25,6:17â€¯PM,User29,Numerical kaise ban rhe h
11/13/25,6:17â€¯PM,User29,Tumko subnetting k numerical ata h too bata dena
11/13/25,6:21â€¯PM,User33,Subnetting ka fir bhi thoda bohot banna leta hu isp cidr mei dimag kharab ho raha
11/13/25,6:21â€¯PM,User33,Par bolunga congestion dekho bohot questions hei
11/13/25,10:59â€¯PM,User33,Hamming dist
11/13/25,10:59â€¯PM,User33,Sure shot questions
11/13/25,11:03â€¯PM,User29,Okie
11/13/25,11:03â€¯PM,User33,Efficiency calculation
11/13/25,11:03â€¯PM,User33,Ye final
11/13/25,11:04â€¯PM,User29,Kaha se pata kia
11/13/25,11:04â€¯PM,User29,Sara numerical h bhai ye too
11/13/25,11:04â€¯PM,User29,Theory ayega k nhi
11/13/25,11:04â€¯PM,User33,Pyq pattern or topper log se puchke
11/13/25,11:04â€¯PM,User29,Mar ja tu
11/13/25,11:04â€¯PM,User29,Isse sure shot mere paas h
11/13/25,11:04â€¯PM,User33,Sure shot numerical hei
11/13/25,11:04â€¯PM,User33,Thik hei
11/13/25,11:05â€¯PM,User29,Jisne paper set kia h uska diya hua question
11/15/25,5:39â€¯PM,User33,Kya tha yaar ye
11/15/25,5:41â€¯PM,User29,Paper
11/15/25,5:41â€¯PM,User33,Pura khatam ho chuka hu
11/15/25,5:47â€¯PM,User29,Barbaadi ki taraf ek aur step chale gye
11/16/25,9:25â€¯PM,User29,Muze khud n ata
11/16/25,9:25â€¯PM,User29,Sikhna h
11/16/25,9:28â€¯PM,User33,hogaya sikh liya
11/16/25,10:05â€¯PM,User33,Hamilton tsp kiya hei?
11/16/25,11:10â€¯PM,User29,Ha
11/16/25,11:31â€¯PM,User33,Fractional knapsack ka algo bhejo na
11/17/25,10:20â€¯AM,User33,Ye wala sahi hei
11/17/25,10:20â€¯AM,User33,Isme dekhna saara algo aagya?
11/17/25,11:27â€¯AM,User29,Maine kia h nhi h algo itna sara
11/17/25,11:28â€¯AM,User33,Mene konsa kiya pura page leke jaunga
11/17/25,11:28â€¯AM,User33,Mereko baas ye bata doh iske bahar ka toh koi algo nhi na
11/17/25,11:29â€¯AM,User29,Huffman 
11/17/25,11:29â€¯AM,User29,Dekh lo ab
11/17/25,11:30â€¯AM,User33,Msg ka bhi algo hota heiğŸ˜­
11/17/25,10:49â€¯PM,User33,Notes wagera hoga toh bhejna
11/18/25,1:08â€¯AM,User29,Mera 1 number kaat liya
11/18/25,6:01â€¯AM,User33,Mera bhi
11/18/25,6:01â€¯AM,User33,Aur inn tanisq log ka bada unka attendance bhi nhi hei
11/18/25,6:58â€¯AM,User33,Suna kuch puchna hei call karu?
11/18/25,8:31â€¯AM,User33,"Sdlc (5) , diagram sab aur srs ( 10 mark ) , extreme programming(xp) ,  code review (short ques ) , verification and validation, black and white box,  cfg, cyclomatic complexity, levels of testing ( pura ) , why measuring software reliability difficult, types of failures , reliability metrics, reliability growth models , quality factors of software product, Iso , cmm - kpa jitna v hai, cocomo aur ei , ro numerical jo tha , software re engineering"
11/18/25,9:29â€¯AM,User29,Ha
11/18/25,9:32â€¯AM,User29,Kisne diya ?
11/18/25,9:38â€¯AM,User33,Ek topper ne diya
11/18/25,9:48â€¯AM,User29,Noice
11/22/25,2:23â€¯PM,User29,Mera kar doge ?
11/22/25,2:23â€¯PM,User29,3 bje se h
11/22/25,2:23â€¯PM,User33,HağŸ˜­ğŸ˜­
11/22/25,2:24â€¯PM,User33,Yaar iss aacha mei kardeta baas ek baar call kar deti baas ek baar
11/22/25,2:35â€¯PM,User29,Turant call ki thi m harsh ko tum kaha the
11/22/25,2:35â€¯PM,User29,Isliye m doosro k nhi karna chahti
11/22/25,2:35â€¯PM,User33,Mei wahi tha
11/22/25,2:35â€¯PM,User29,Sap m login nhi hota adha list nhi dikhaya
11/22/25,2:36â€¯PM,User29,Meri roommate boli 44 acha h there is no other option
11/22/25,2:36â€¯PM,User29,Too kar di m
11/22/25,2:36â€¯PM,User33,Arre mei saab kar deta baas ek message de ti
11/22/25,2:36â€¯PM,User29,Uske priority list m tha
11/22/25,2:37â€¯PM,User29,Choro
11/22/25,2:37â€¯PM,User29,Jo milega le lungi
11/22/25,2:38â€¯PM,User33,Karna hei na thumara?
11/22/25,2:38â€¯PM,User33,Id 
11/22/25,2:38â€¯PM,User29,Jarurat nhi h
11/22/25,2:38â€¯PM,User29,Choro
11/22/25,2:38â€¯PM,User33,Thik hei
11/22/25,2:38â€¯PM,User29,Hmm
11/22/25,11:15â€¯PM,User29,Happy Birthday ğŸ‰
11/22/25,11:26â€¯PM,User33,Thanks yaar ğŸ˜
11/23/25,11:00â€¯PM,User33,Classes kaab se hei?
11/23/25,11:17â€¯PM,User29,Pata nhi
11/27/25,8:41â€¯AM,User33,https://www.instagram.com/fyndr.social?igsh=MTBjaDRmem5pZng0aA==
11/30/25,11:48â€¯AM,User33,suna ese koi bot wagera ya website hei jo mere behalf mei video ya course pura dekh dala aur pura course khatam kar de esa kuch hota hei usko sirf mei apana login password du aur pura course khatam kar de
11/30/25,12:52â€¯PM,User29,Pata nhi
12/2/25,11:11â€¯PM,User29,Mere ml k notes except deep learning
12/2/25,11:30â€¯PM,User33,Waah
12/10/25,9:15â€¯PM,User33,Extra kiit file hei?
12/10/25,9:16â€¯PM,User29,nhi
12/19/25,1:37â€¯PM,User33,Class gaye the?
12/19/25,1:39â€¯PM,User29,Ha
12/19/25,1:39â€¯PM,User29,Kuch nhi hua ai wala bhaga diya all present
12/19/25,1:39â€¯PM,User29,Nlp padhaya
12/19/25,1:39â€¯PM,User33,Baap re
12/19/25,1:39â€¯PM,User33,Notes bhej dena
12/19/25,1:39â€¯PM,User33,Galat sangati
12/19/25,1:40â€¯PM,User33,.
12/19/25,1:40â€¯PM,User29,Shaam ko
12/19/25,1:40â€¯PM,User33,Ok
12/19/25,1:40â€¯PM,User29,Kambal m ghus gyi hu m abhi
12/22/25,2:12â€¯PM,User33,ThAnku
12/22/25,2:22â€¯PM,User29,M bhool gyi thi aj yaad aya h
12/22/25,2:23â€¯PM,User29,Tum Ghar chale gye ?
12/22/25,2:25â€¯PM,User33,Haa
12/22/25,2:26â€¯PM,User33,Aur pata ticket bhi nhi mila general ka ticket leke ac mei chala lagya
12/22/25,2:26â€¯PM,User29,M station k bathi hu
12/22/25,2:26â€¯PM,User29,Noice
12/22/25,2:26â€¯PM,User33,Aur fine bhi nhi laga
12/22/25,2:26â€¯PM,User29,Noiceeee
12/23/25,11:35â€¯AM,User33,Thumhe iot wagera ata hei?
12/23/25,11:36â€¯AM,User33,Ya koi janti ho jisko iot aurdino wagera ata ho
12/23/25,12:00â€¯PM,User29,Nhi
12/23/25,12:01â€¯PM,User29,Nhi
12/23/25,12:20â€¯PM,User33,Ok
12/29/25,4:22â€¯PM,User33,https://play.google.com/store/apps/details?id=com.kito
12/29/25,4:42â€¯PM,User29,?
12/29/25,4:43â€¯PM,User33,Dost log ne banya hei promote karne bola hei
12/29/25,4:43â€¯PM,User33,Use karo aacha hei
12/29/25,4:43â€¯PM,User29,Okie
1/2/26,10:17â€¯PM,User33,Suna na ml ya ai wale teacher ne kaha tha na ki notes check karega?
1/2/26,10:54â€¯PM,User29,Nhi too
1/2/26,10:54â€¯PM,User29,Ai wala bola tha
1/2/26,10:54â€¯PM,User29,Acha yaad dilaya
1/2/26,10:54â€¯PM,User33,Bhejdena yaar
1/2/26,10:55â€¯PM,User29,Ghar m hu
1/7/26,10:32â€¯AM,User33,Suno na harsh bol na mere attendance laga de sun nhi raha heiğŸ˜­ğŸ˜­
1/7/26,11:11â€¯AM,User29,Lag gya h
1/10/26,1:33â€¯PM,User33,Time mile toh notes bhej dena pls ğŸ™
1/10/26,1:34â€¯PM,User33,Aur Monday ko jo bhi kuch karke anna hei wo bata doh
1/10/26,1:34â€¯PM,User33,Mtlb lav file wagera
1/10/26,1:46â€¯PM,User29,Kis cheez k
1/10/26,1:46â€¯PM,User29,Lab file m linear regression karna h
1/10/26,1:46â€¯PM,User29,Lab manual diya tha n wo whatsapp grp m uska 2nd  day wala
1/11/26,9:06â€¯AM,User33,Wo pura code bhi likhana hei ki kuch kuch?
1/11/26,9:07â€¯AM,User33,Aur iske pichle lab ka bhi karna hei kya jisme nhi aya tha?
1/11/26,9:10â€¯AM,User29,Code likhna h output chipkana h ya too khudse draw karna h
1/11/26,9:10â€¯AM,User29,Ha lab manual m jaha se h waha se likhna h do din k
1/11/26,5:57â€¯PM,User29,Last day k h
1/11/26,5:57â€¯PM,User29,Code and output
1/11/26,5:58â€¯PM,User29,Uske pichle din k ye likhna h
1/11/26,5:59â€¯PM,User29,Y 1st lab k print karana h
1/11/26,5:59â€¯PM,User29,Bss ho gya
1/11/26,5:59â€¯PM,User33,Thanku
1/14/26,8:39â€¯PM,User33,Baas itna bata doh psudo code likhna rehta hei ki pura python code
1/14/26,9:26â€¯PM,User29,Pseudo
1/14/26,9:27â€¯PM,User33,Input output bhi?
1/14/26,9:30â€¯PM,User29,Ha
1/14/26,9:39â€¯PM,User33,Aur last thing baas fir disturb nhi karunga ye pseudo code likhna hei na test mei?
1/14/26,9:44â€¯PM,User29,Ha
1/15/26,8:25â€¯AM,User33,Follow the FRESHJOB'S channel on WhatsApp: https://whatsapp.com/channel/0029VaeiA1lFXUub4WH8n03X
1/16/26,8:28â€¯AM,User33,Aaj test hei kya nlp mei?
1/16/26,8:35â€¯AM,User29,Nhi
1/16/26,9:26â€¯PM,User33,Ml mei derivation wagera padhna hei kya?
1/16/26,9:44â€¯PM,User29,Pata nhi sir kuch bole nhi h
1/16/26,9:44â€¯PM,User29,Bole the 5 short question aur 3 numerical hoga
1/17/26,8:53â€¯PM,User33,Iske baad ka agar likha hei toh bhejna
1/18/26,6:30â€¯PM,User33,Lab mei jo likhna hei and output ka pdf
1/18/26,9:33â€¯PM,User33,Pls apne chote bhai madad kar doh baas output file bhej doh pls nhi karunga fir disturb ğŸ˜­ğŸ™
1/18/26,10:16â€¯PM,User33,Thanku
1/19/26,8:28â€¯PM,User33,Baas iske baad ka bhej do
1/20/26,9:19â€¯PM,User29,Ata score dekho resume.com m
1/20/26,9:19â€¯PM,User29,Wo bata dega kaha sahi karna h
1/20/26,9:20â€¯PM,User29,Dekh k to thik lag raha h
1/20/26,9:38â€¯PM,User29,Dekho kaha kya correct karna h
1/20/26,9:39â€¯PM,User29,Waise waise karte jao
1/28/26,9:22â€¯PM,User29,A* algorithm last class k
1/30/26,11:00â€¯PM,User33,Suna pls nlp ka notes bhej dena 
2/2/26,9:15â€¯PM,User33,Suna ml mei derivation and proof padhogi toh ek page likh ke photo bhej dogi?
2/3/26,10:01â€¯PM,User29,Abhi aur trauma do tum
2/4/26,4:55â€¯PM,User33,Simulated anneling taak hei na syllabus
2/4/26,5:48â€¯PM,User29,Ha
2/4/26,11:06â€¯PM,User33,Suna ye manhattan wala kisi ke notes mei nhi hei toh haar baar puch ku raha hei
2/4/26,11:06â€¯PM,User33,Hei kisi ke notes mei ye manhattan?
2/5/26,12:39â€¯AM,User29,Ye too muze nhi pata h
2/5/26,12:43â€¯AM,User29,Answer too same aa rha
2/5/26,4:09â€¯PM,User33,Suna derivation and proof wagera thoda saab ek page ho sake de dena
2/5/26,4:26â€¯PM,User29,Hai to sab pdf m
2/5/26,4:31â€¯PM,User33,Kuch samaj mei nhi aa raha wo
2/5/26,4:38â€¯PM,User29,Tumne jo diya
2/5/26,4:38â€¯PM,User29,Ye
2/5/26,4:40â€¯PM,User33,Isme saab kabar nhi kisi ne bola
2/5/26,9:17â€¯PM,User33,Ye oao oaa wala bata dona
2/5/26,9:28â€¯PM,User29,M svm tak pohochi h nhi hu
2/5/26,11:01â€¯PM,User29,Kuch imp questions pata h
2/5/26,11:02â€¯PM,User33,Sabhi imp hei
2/5/26,11:02â€¯PM,User33,Possible Numericals
2/5/26,11:09â€¯PM,User29,Whi bhai sabse kuch n kuch aa rha h
2/5/26,11:11â€¯PM,User33,Dekho naive knn hard margin soft margin svm ki ek theory aur sayad decesion tree inta paka hei
2/5/26,11:24â€¯PM,User29,Okie
2/6/26,11:27â€¯AM,User33,Abe ye micro macro syllabus mei tha?
2/6/26,11:36â€¯AM,User29,Kaunsa bhai
2/6/26,11:36â€¯AM,User33,Arre wo confusion matrix wala
2/6/26,11:37â€¯AM,User33,Wese mene kher chaapa toh hei par sahi hei ki galat pata nhi
2/6/26,11:49â€¯AM,User29,Maine attempt nhi kia dekh k h chor dia
2/6/26,1:42â€¯PM,User33,"Baas pls nlp ka notes bhej do pls mers paas aur koi source nhi hei nlp ka , baki saab mereko milta hei mei bhej deta hu lekin nlp ka kuch bhi content nhi hei mere paas pls bhej doh ğŸ˜£"
2/6/26,4:06â€¯PM,User29,Bhai sambit k pdf chap lo mind m
2/6/26,4:06â€¯PM,User29,Sach bata rhi hu
2/6/26,4:06â€¯PM,User29,Pyq b same question aya h same to same
2/6/26,4:09â€¯PM,User33,Usi ke pdf se usi ka assignment nhi samaj mei aa raha
2/6/26,4:09â€¯PM,User33,Arre numerical kar lunga mujhe therory wale question kuch pale nhi par raha khas kar uske assignment ka
2/6/26,11:01â€¯PM,User33,Ye sentimental analysis se kya ques banta hei?
2/6/26,11:03â€¯PM,User29,Naive bayes k jo h wo
2/6/26,11:03â€¯PM,User33,Mtlb naive bayes hei kya wo
2/13/26,1:40â€¯PM,User29,"Dear Students,"
2/13/26,1:40â€¯PM,User29,So jao
2/13/26,1:40â€¯PM,User33,6 bheje toh law khatam hota hei fir class jaan lenge kya!
2/13/26,6:50â€¯PM,User33,Suna agar attendance le toh batana
2/13/26,7:24â€¯PM,User33,S2p kya hei?
2/13/26,7:26â€¯PM,User29,Pata nhi
2/17/26,7:11â€¯PM,User33,Qr bhej dena
1/24/25,10:00â€¯PM,User34,"Dear Students,"
2/12/25,1:08â€¯PM,User34,ğŸ“¢ *Reminder: Sensitization Session on Global Immersion Program* ğŸŒâœ¨
2/13/25,1:03â€¯PM,User34,ğŸ“¢ *Reminder: Sensitization Session on Global Immersion Program* ğŸŒâœ¨
2/24/25,5:14â€¯PM,User35,"ğŸŒ *Global Immersion Program 2025 â€“ Explore, Learn & Transform*! "
3/7/25,4:34â€¯PM,User36,Registration link- https://jpmc.fa.oraclecloud.com/hcmUI/CandidateExperience/en/sites/CX_1001/job/210603491/?utm_medium=jobshare&utm_source=External+Job+Share
3/9/25,9:35â€¯AM,User34,"Dear Students,"
3/21/25,9:48â€¯PM,User36,This is to inform all the students that  the registration for AlgoUniversity  Internship Program has been extended till 22nd March'2025 by 11.59 AM. All the YET TO REGISTER students are directed to REGISTER on or before  22nd March'2025 by 11.59 AM.
3/30/25,2:29â€¯PM,User34,"Dear Students,"
4/2/25,6:08â€¯PM,User34,*KAREER SCHOOL*
4/4/25,7:08â€¯PM,User34,*REGISTRATION: GRAPHS COMPLETION TEST* ğŸš€
4/4/25,8:37â€¯PM,User34,The registration for the NCIIPC-AICTE Pentathon 2025 is now live. 
4/8/25,3:48â€¯PM,User34,"*UiPath AgentHack* â€“ India Student Edition, a journey where students from across the country come together to learn, build, and win! "
4/10/25,8:07â€¯PM,User34,"Dear Sir,"
4/11/25,4:22â€¯PM,User34,*Reminder*
4/22/25,10:35â€¯AM,User34,*Last & Final Call for GIP 2025!* 
4/23/25,10:31â€¯AM,User34,"As per students demand, registration is extended as many are interested in enrolling and requested for registration date extension. You may have the details for both Tech and Finance courses in the notices shared. Registration will remain open for the next 5 days."
4/23/25,10:32â€¯AM,User34,"As per students demand, registration is extended as many are interested in enrolling and requested for registration date extension. You may have the details for both Tech and Finance courses in the notices shared. Registration will remain open for the next 5 days."
4/26/25,11:22â€¯AM,User34,"Get ready for something BIG â€” the Global *MIT AI Hackathon* is happening *May 2â€“3, 2025 (online)* and YOU can be a part of it!"
4/28/25,6:08â€¯PM,User34,*reminder*
6/16/25,8:15â€¯PM,User36,Students Plasmid Innovation online internship program stands canceled. 
6/21/25,3:11â€¯PM,User34,*This session has started. Join fast.*
6/25/25,8:13â€¯PM,User34,*https://meet.google.com/irm-kdzd-tyo*
6/28/25,8:06â€¯PM,User34,*Reminder*
6/29/25,4:25â€¯PM,User34,*Reminder for the above session. It has started. Join fast.*
7/5/25,8:09â€¯PM,User34,*REMINDER*
7/8/25,1:36â€¯PM,User36,https://teams.microsoft.com/dl/launcher/launcher.html?url=%2F_%23%2Fl%2Fmeetup-join%2F19%3Ameeting_NWExODY0M2YtMTkzYi00NTc0LWI2NWUtZjI4N2E2MzRiYjdh%40thread.v2%2F0%3Fcontext%3D%257b%2522Tid%2522%253a%25225d471751-9675-428d-917b-70f44f9630b0%2522%252c%2522Oid%2522%253a%252295c7a8d8-b6b2-445e-8877-3b9c91165a51%2522%257d%26anon%3Dtrue&type=meetup-join&deeplinkId=77392537-666a-4721-a25d-46963d9edbc9&directDl=true&msLaunch=true&enableMobilePage=true&suppressPrompt=true
7/8/25,1:36â€¯PM,User36,Link to join the webinar
7/8/25,5:45â€¯PM,User34,"Dear Student,"
7/15/25,2:09â€¯PM,User34,"ğŸ“ *KIITians, Ready to Go Global?* ğŸŒ"
7/23/25,10:10â€¯AM,User34,"Dear Student,"
8/1/25,4:36â€¯PM,User34,Hey Kiitians! ğŸš€
8/1/25,6:04â€¯PM,User34,"Dear Students,"
8/14/25,5:23â€¯PM,User34,ğŸš¨ ATTENTION: 2027 GRADUATING B.TECH STUDENTS ğŸš¨
8/16/25,11:47â€¯AM,User34,Build the Future: Software Engineering in the AI Era with Kushal Vijay!
8/16/25,3:39â€¯PM,User34,*Reminder*
8/17/25,8:41â€¯PM,User34,Those who have not received email can check this
9/9/25,4:52â€¯PM,User34,Registration Form Link: https://forms.gle/Q5aGjJErGH8fKSKF7
9/15/25,10:57â€¯AM,User34,*IMPORTANT ANNOUNCEMENT*
10/13/25,5:30â€¯PM,User34,"Dear Students,"
10/16/25,9:51â€¯AM,User34,ğŸš€ _*UiPath Student Community KIIT â€“ Recruitment 2k25 is LIVE!*_
10/20/25,9:54â€¯AM,User37,Waiting for this message
11/24/25,5:20â€¯PM,User34,"Dear Students,"
11/27/25,1:24â€¯PM,User34,"Dear Students,"
12/2/25,5:19â€¯PM,User34,Greetings from KIIT Kareer School!
12/2/25,5:34â€¯PM,User34,Greetings from KIIT Kareer School!
12/4/25,6:24â€¯PM,User34,Greetings from KIIT Kareer School!
12/4/25,6:24â€¯PM,User34,ğŸ”— Join Groups: 
12/4/25,8:03â€¯PM,User34,"Dear All,"
12/4/25,8:32â€¯PM,User34,"Dear Students,"
12/4/25,8:37â€¯PM,User34,https://chat.whatsapp.com/BIErM39vs668WJ5LW0rsz3
12/6/25,8:18â€¯AM,User34,"Dear Students ,"
12/10/25,4:08â€¯PM,User34,"Dear Students,"
12/11/25,10:43â€¯AM,User34,This form is now closed as all available slots have been booked.
12/11/25,9:40â€¯PM,User34,"Dear Students, "
12/15/25,12:30â€¯PM,User34,Greetings from KIIT Kareer School!
12/15/25,12:30â€¯PM,User34,1) Java with Spring and Spring Boot
12/27/25,8:14â€¯AM,User34,"We are pleased to inform you that the *UiPath Student Community KIIT*, under the *Department of Training and Placement, KIIT,* is providing all the students with an important opportunity to earn the *Official UiPath Agentic Automation Developer Associate Certification.*"
1/12/26,12:39â€¯PM,User34,"Dear Students,"
1/20/26,1:31â€¯PM,User34,KIIT University is inviting you to a scheduled Zoom meeting.
1/22/26,3:13â€¯PM,User36,Reminder:
1/22/26,4:58â€¯PM,User34,Expert Talk | Entrepreneurship & Start-ups
1/24/26,6:07â€¯AM,User34,"Dear Students,"
1/25/26,5:34â€¯PM,User36,PwC AC india launch program  registration  link is now opening. It will close sharp 9.00 pm today (25th jan2026)
2/5/26,1:45â€¯PM,User36,Reminder :
2/6/26,3:35â€¯PM,User36,"Dear Student,"
2/12/26,9:47â€¯PM,User36,It is noticed that half of the students registered  for Deloitte Hacksplosion haven't completed the Round 0 brand Quiz which is part of the Registration phase.
2/15/26,1:20â€¯PM,User34,"Dear Students,"
2/12/26,8:14â€¯PM,User38,@â¨~Anshu Kumarâ© sir I have not received any login credentials as mentioned in mail from the sap.com
2/12/26,8:15â€¯PM,User39,Same here sir
2/12/26,8:15â€¯PM,User40,Same
2/12/26,8:15â€¯PM,User41,same here sir
2/12/26,8:16â€¯PM,User42,Same here sir
2/12/26,8:16â€¯PM,User43,Same here sir
2/12/26,8:16â€¯PM,User44,Same here sir
2/12/26,8:16â€¯PM,User45,same
2/12/26,8:16â€¯PM,User46,@â¨~Anshu Kumarâ© Sir I've one more concern issue 
2/12/26,8:16â€¯PM,User47,Same here sir
2/12/26,8:16â€¯PM,User48,Same sir
2/12/26,8:17â€¯PM,User49,Same sir
2/12/26,8:18â€¯PM,User50,Same here sir
2/12/26,8:19â€¯PM,User51,Same here sir
2/12/26,8:19â€¯PM,User52,Same sir
2/12/26,8:19â€¯PM,User53,Same sir
2/12/26,8:20â€¯PM,User54,Same sir
2/12/26,8:20â€¯PM,User55,Yes sir
2/12/26,8:20â€¯PM,User56,Same here sir
2/12/26,8:21â€¯PM,User57,same here sir
2/12/26,8:21â€¯PM,User58,Yes sir same concern
2/12/26,8:22â€¯PM,User49,Sir are we supposed to receive pre set credentials or create the account which  I have done .?
2/12/26,8:24â€¯PM,User59,Same here sir
2/12/26,8:25â€¯PM,User60,Same here sir
2/12/26,8:26â€¯PM,User61,Same here sir
2/12/26,8:28â€¯PM,User62,@â¨~Anshu Kumarâ© sir we are our elective class from 4:30 to 6:00 Pm Wednesday and Friday. In the mail it has been mentioned that class will be from 3:00 Pm to 5:00 Everyday then sir how is it possible to attend both the classes at the same time
2/12/26,8:29â€¯PM,User63,Same issue on this side too
2/12/26,8:31â€¯PM,User64,Sir everyone is facing same kind of problem. And Tommorow our elective class is also there from 4:30 to 6.
2/12/26,8:32â€¯PM,User64,How we will attend the Tomorrow's class?
2/12/26,8:40â€¯PM,User65,"Good evening sir, "
2/12/26,8:41â€¯PM,User66,Yes sir kindly clarify 
2/12/26,8:42â€¯PM,User67,"Good evening sir, "
2/12/26,8:46â€¯PM,User68,Kindly join the WhatsApp group for the Open Industry Elective course you have selected using the link provided below. The class timings mentioned therein will be effective from 13th February onwards. The course content has also been attached for your reference.
2/12/26,8:47â€¯PM,User69,Yes sir
2/12/26,8:47â€¯PM,User70,I'm sure sir recieved all our messages. Please give him time to respond
2/12/26,8:48â€¯PM,User71,"Good evening sir,"
2/12/26,9:02â€¯PM,User72,Also there's no course content as well.
2/12/26,9:03â€¯PM,User49,Sir I have created an account as I did not know I was supposed to receive preset credentials would that be a problem?
2/12/26,9:11â€¯PM,User48,Yes sir
2/12/26,9:21â€¯PM,User73,yes sir
2/12/26,9:25â€¯PM,User74,Yes sir
2/12/26,9:27â€¯PM,User75,Yes sir
2/12/26,9:28â€¯PM,User76,yes sir
2/12/26,9:28â€¯PM,User77,yes sir
2/12/26,9:29â€¯PM,User78,Yes sir
2/12/26,10:01â€¯PM,User79,Where are we provided with the login details for SAP
2/12/26,10:05â€¯PM,User80,??
2/12/26,10:48â€¯PM,User81,I haven't received any  learning login link
2/12/26,10:49â€¯PM,User82,"So guys, if you haven't received the SAP login link, we'll check with the SAP team and update the group. Don't worry. For any issues, meet me at 15A, Block 2nd floor..."
2/12/26,10:51â€¯PM,User41,And sir what about the students having both electives?
2/12/26,10:51â€¯PM,User83,Yes sir
2/12/26,10:52â€¯PM,User84,Yes sir as our classes will clash on Wed and friday
2/12/26,10:53â€¯PM,User85,Yes Sir
2/12/26,10:53â€¯PM,User86,Yes sir
2/12/26,10:54â€¯PM,User87,Yes sir
2/12/26,10:55â€¯PM,User88,Yes sir
2/12/26,10:55â€¯PM,User60,Yes sir
2/13/26,7:43â€¯AM,User82,"All classes will be in virtual mode, the link will be shared today."
2/13/26,7:44â€¯AM,User89,and what about the clashing time with our normal open elective
2/13/26,7:45â€¯AM,User63,yes sir kindly advise on this issue
2/13/26,7:45â€¯AM,User90,sir what about the time clash for those of us who've opted for both?
2/13/26,8:08â€¯AM,User91,Sir usi time me hamari main 3 credit waali open elective ki bhi classes hai.
2/13/26,8:33â€¯AM,User92,Sir kindly reply with a solution to the clashing time for both the electives
2/13/26,8:46â€¯AM,User11,Sir can I swap my elective now??
2/13/26,8:51â€¯AM,User93,good morning sir
2/13/26,8:52â€¯AM,User94,I have also not received any credentials from sap through mail
2/13/26,8:52â€¯AM,User95,Same sir i also have not received any credentials
2/13/26,8:53â€¯AM,User96,Same
2/13/26,8:56â€¯AM,User87,Same sir
2/13/26,8:56â€¯AM,User97,Same sir
2/13/26,8:59â€¯AM,User98,Same concern sir
2/13/26,9:01â€¯AM,User49,Yes sir haven't received the credentials yet
2/13/26,9:02â€¯AM,User88,I have also not received any credentials sir.
2/13/26,9:04â€¯AM,User99,Same sir
2/13/26,9:08â€¯AM,User24,Same sir
2/13/26,9:09â€¯AM,User100,Same here sir.
2/13/26,9:10â€¯AM,User101,Same sir
2/13/26,9:11â€¯AM,User58,Same here sir
2/13/26,9:19â€¯AM,User102,Same here sir
2/13/26,9:20â€¯AM,User69,Same here
2/13/26,9:20â€¯AM,User103,Same here sir
2/13/26,9:20â€¯AM,User104,Same here sir
2/13/26,9:33â€¯AM,User105,Same issue sir
2/13/26,9:45â€¯AM,User106,Same sir
2/13/26,9:45â€¯AM,User107,Same issue sir <This message was edited>
2/13/26,9:46â€¯AM,User108,Same Sir
2/13/26,12:08â€¯PM,User92,@â¨~Anshu Kumarâ© sir please respond as attendance for both the classes are important <This message was edited>
2/13/26,12:10â€¯PM,User109,Sir kindly reply with a solution to the clashing time for both the electives and classes too
2/13/26,12:10â€¯PM,User55,"Yes sir, please"
2/13/26,12:10â€¯PM,User24,Yes Sir please!
2/13/26,12:10â€¯PM,User110,Yes sir
2/13/26,12:11â€¯PM,User60,Yes sir please
2/13/26,12:11â€¯PM,User54,Yes sir
2/13/26,12:11â€¯PM,User111,Yes sir
2/13/26,12:11â€¯PM,User112,Yes sirğŸ™
2/13/26,12:13â€¯PM,User83,Yes sir
2/13/26,12:14â€¯PM,User49,Yes about the time collision and about the login credentials too .
2/13/26,12:14â€¯PM,User113,Yes sirğŸ™ğŸ»
2/13/26,12:15â€¯PM,User114,Ye sir
2/13/26,12:57â€¯PM,User115,Sir please update us about the class schedule collision and login info mail
2/13/26,12:59â€¯PM,User116,Yes sir
2/13/26,1:00â€¯PM,User117,Ok
2/13/26,1:24â€¯PM,User105,Sir kindly reply
2/13/26,1:24â€¯PM,User105,Otherwise attendance will be at stake <This message was edited>
2/13/26,1:29â€¯PM,User82,"Dear Students,"
2/13/26,1:29â€¯PM,User105,And sir what about the login details?
2/13/26,1:30â€¯PM,User111,Sir the login credentials ?
2/13/26,1:31â€¯PM,User118,Sir could you us some buffer time our classes end at 6 so we have to walk back to our hostels
2/13/26,1:31â€¯PM,User119,And the login credentials sir ?
2/13/26,1:32â€¯PM,User120,Yes sir
2/13/26,1:32â€¯PM,User107,Yes sir
2/13/26,1:32â€¯PM,User121,Yes sir
2/13/26,1:33â€¯PM,User38,Sir if you kindly provide day wise class timings it will be very helpful
2/13/26,1:34â€¯PM,User41,"Sir, I wanted to bring to your notice that the current buffer time is quite difficult for day scholars, as commuting back home takes considerable time. I kindly request you to please take this into consideration."
2/13/26,1:35â€¯PM,User122,YES PLEASE LOOK INTO THIS
2/13/26,1:35â€¯PM,User64,Sir our elective timming is from 4:30 to 6 so how we  will attend from 6 to 7:30
2/13/26,1:35â€¯PM,User123,sir my class gets over at 6pm
2/13/26,1:36â€¯PM,User124,Yes sir same
2/13/26,1:38â€¯PM,User88,Yes sir ?
2/13/26,1:39â€¯PM,User125,"Yes sir, please consider"
2/13/26,1:39â€¯PM,User49,Yes sir please consider
2/13/26,1:40â€¯PM,User92,"With all due respect, sir, I would like to request that you review the schedule to avoid conflicts, as several students have elected for both electives"
2/13/26,1:40â€¯PM,User126,Yes sir
2/13/26,1:41â€¯PM,User88,Yes sir
2/13/26,1:41â€¯PM,User127,"No, i have classes on other days also.... So this will not work for everyone"
2/13/26,1:41â€¯PM,User128,+1
2/13/26,1:42â€¯PM,User57,yes sir
2/13/26,1:49â€¯PM,User129,Iss better we can have weekday cls sat - sunday
2/13/26,1:49â€¯PM,User46,Kaunsi classes bhai? 3rd year m toh saari classes 2 tk khtm ho jati h
2/13/26,1:49â€¯PM,User127,Labs hai
2/13/26,1:49â€¯PM,User46,Kaunsi lab ?
2/13/26,1:50â€¯PM,User127,AD and VLSI
2/13/26,1:51â€¯PM,User119,CSE ka 2 baje khatam hota hoga humara shaam ko bhi rehta hai
2/13/26,1:53â€¯PM,User82,"Dear Students,"
2/13/26,1:54â€¯PM,User64,Please remove the wednesday and Friday class
2/13/26,1:54â€¯PM,User67,For all students sir ?
2/13/26,1:54â€¯PM,User125,"Classes are on all days including weekends, read instructions"
2/13/26,1:54â€¯PM,User87,sir our classes is upto 6
2/13/26,1:54â€¯PM,User129,Zyada time ka i mean
2/13/26,1:56â€¯PM,User130,"Sir, it will be very difficult to attend the 6pm class since the open elective is ending at 6. We need some time to come to our hostel and start the SAP classes thereafter."
2/13/26,1:57â€¯PM,User131,Sir it's not possible to attend at directly 6pm especially on days like wed and fri kindly keep the classes on Monday tue thurs or even Saturday or delay the timing a bit more. Otherwise the timings are really uncool to attend.
2/13/26,1:58â€¯PM,User132,Yes sir please do not put any random timings it is hectic for students!
2/13/26,1:59â€¯PM,User133,"what i dont understand is, the people with *no electives* have already been assigned classes from 7-9. while people with electives have classes in conflicting or unmanageable times. In the TnP meeting, it was specifically clarified that our classes will *NOT BE CONFLICTING* with our electives. Many of us took decisions based on this crucial assumption <This message was edited>"
2/13/26,2:02â€¯PM,User134,Exactly ..
2/13/26,2:04â€¯PM,User41,exactly and yet they stating this timing without taking into consideration of the dayscholars either
2/13/26,2:08â€¯PM,User119,"Sir, some of us are receiving the credentials but I got only one welcome email that too not in my name"
2/13/26,2:11â€¯PM,User108,Same Sir
2/13/26,2:12â€¯PM,User49,Good afternoon sir actually  my elective ends at 6:30 today so there is no way I will be allowed to leave before 6:15 please consider
2/13/26,2:12â€¯PM,User135,"Yes sir , received credentials with different name"
2/13/26,2:13â€¯PM,User136,Yes sir
2/13/26,2:13â€¯PM,User53,Sir i got only one welcome email no credentials that too not in my name
2/13/26,2:14â€¯PM,User127,"Same sir, i dont have my login credentials"
2/13/26,2:14â€¯PM,User49,If this is the one but it is not under my name
2/13/26,2:15â€¯PM,User131,Sir in the meeting we were said there will be guidelines given for each course like tests markings syllabus timings everything for all categories that is people with sap elective only or with both. 
2/13/26,2:15â€¯PM,User137,"Hello Team , "
2/13/26,2:16â€¯PM,User59,Yes sir
2/13/26,2:21â€¯PM,User137,"Hello Everyone,"
2/13/26,2:22â€¯PM,User131,Thank you
2/13/26,2:27â€¯PM,User49,refresh once or twice and it might work
2/13/26,2:27â€¯PM,User64,Sir please change the timming from 7pm
2/13/26,2:27â€¯PM,User138,Refresh it!.
2/13/26,2:27â€¯PM,User137,"Hello Everyone,"
2/13/26,2:28â€¯PM,User82,"Dear Students,"
2/13/26,2:29â€¯PM,User46,Sir 7-9 would have been the ideal time
2/13/26,2:30â€¯PM,User139,yes sir please make it from 7
2/13/26,2:31â€¯PM,User43,Same sir
2/13/26,2:31â€¯PM,User140,Pls sir 
2/13/26,2:33â€¯PM,User139,sir please respond to this concern too
2/13/26,2:42â€¯PM,User46,Yes sir 7-9 works for everyone and for everyday 
2/13/26,2:44â€¯PM,User141,"Respected Sir,"
2/13/26,2:52â€¯PM,User142,Yes sir we have elective from 3 to 6 it is not possible to attend  from the scheduled time you have given . If you do change the timing it would be grateful and prevent clashing of our elective classes
2/13/26,3:00â€¯PM,User65,just register normally. it wont take that much time
2/13/26,3:02â€¯PM,User64,its for student free access?
2/13/26,3:12â€¯PM,User49,@â¨~Anshu Kumarâ© sir I have already registered through this link I am not sure what to do about it
2/13/26,3:13â€¯PM,User143,Same here
2/13/26,4:33â€¯PM,User88,Yes sir
2/13/26,5:52â€¯PM,User137,Hello Everyone ğŸ‘‹ 
2/13/26,5:53â€¯PM,User137,Meeting link:
2/13/26,5:57â€¯PM,User69,Won't be able to join immediately
2/13/26,5:58â€¯PM,User144,?
2/13/26,5:58â€¯PM,User137,"Dear Students,"
2/13/26,5:59â€¯PM,User137,Those who joined group now pls use above link to join the session
2/13/26,5:59â€¯PM,User145,This?
2/13/26,6:00â€¯PM,User137,yes
2/13/26,6:02â€¯PM,User82,All of you join fast...
2/13/26,6:05â€¯PM,User87,Sir our class is just over so it will take some time to reach the hostel to join
2/13/26,6:06â€¯PM,User125,Yes Sir
2/13/26,6:06â€¯PM,User73,sir i am not able to connect to the hostel wifi and mobile network doesnt work in my room
2/13/26,6:07â€¯PM,User69,Yes sir
2/13/26,6:13â€¯PM,User146,Same problem
2/13/26,6:13â€¯PM,User46,Is it just me or kisi ko bhi kuch awaj nhi aa rhi?
2/13/26,6:14â€¯PM,User146,Wifi hi nahi h
2/13/26,6:14â€¯PM,User147,.
2/13/26,6:14â€¯PM,User147,"Dear Students,"
2/13/26,6:16â€¯PM,User73,25A is having this issue at the moment sir
2/13/26,6:25â€¯PM,User148,Theres no wifi in both phone and laptop
2/13/26,6:29â€¯PM,User54,Yes sir
2/13/26,6:46â€¯PM,User149,BTP Course: https://learning.sap.com/certifications/sap-certified-associate-backend-developer-sap-cloud-programming-model?searchId=2e80096e-e92b-49b4-ad30-3556a0a22e5e&listPosition=1
2/13/26,6:49â€¯PM,User64,Otc ka bhi konsa heh
2/13/26,6:49â€¯PM,User150,Data analytics ka bhi bhejo
2/13/26,6:50â€¯PM,User151,What to do with excelr account anyone please clarify??
2/13/26,6:50â€¯PM,User101,"Can someone send the course pdf,"
2/13/26,6:56â€¯PM,User149,Data Analytics: C_BCBDC - SAP Certified Associate - SAP Business Data Cloud
2/13/26,6:57â€¯PM,User64,Can anyone please provide the otc consultant link
2/13/26,6:57â€¯PM,User64,?
2/13/26,6:58â€¯PM,User141,ExcelR Edtech Pvt. Ltd. and SAP have the same username and password?
2/13/26,6:58â€¯PM,User141,or we have to manually register in the sap
2/13/26,6:58â€¯PM,User46,its for data/analytics engineer ?
2/13/26,6:59â€¯PM,User85,You have to register
2/13/26,6:59â€¯PM,User124,Yes
2/13/26,6:59â€¯PM,User149,Yes
2/13/26,6:59â€¯PM,User152,ExcelR password and username is provided via email
2/13/26,7:03â€¯PM,User41,https://learning.sap.com/learning-journeys/acquiring-core-abap-skills
2/13/26,7:03â€¯PM,User153,"Sir, which course is for SAP Integration Developer?"
2/13/26,7:04â€¯PM,User83,But there is sap analytics course also available
2/13/26,7:05â€¯PM,User108,Sir which course is for SAP FIORI developer
2/13/26,7:06â€¯PM,User141,"okay, after making account in SAP, what do we need to do next?"
2/13/26,7:06â€¯PM,User114,which one is for data analytics
2/13/26,7:07â€¯PM,User154,+1
2/13/26,7:08â€¯PM,User155,https://learning.sap.com/certifications/sap-certified-associate-sap-fiori-application-developer-1?searchId=01ec7c8c-80ec-4e01-a5a9-1b5422f1cc54&listPosition=1
2/13/26,7:08â€¯PM,User83,This one  is for data analytics
2/13/26,7:12â€¯PM,User142,Is there any attendance today ?
2/13/26,7:12â€¯PM,User145,Yes
2/13/26,7:12â€¯PM,User84,Same issue Sir ..
2/13/26,7:13â€¯PM,User156,Yes it has already been recorded
2/13/26,7:13â€¯PM,User157,This one matches the one mentioned in pdf
2/13/26,7:14â€¯PM,User156,C_CPE just search it for sap btp
2/13/26,7:14â€¯PM,User149,This is direct link for BTP
2/13/26,7:14â€¯PM,User149,This is direct link for Data Analytics
2/13/26,7:14â€¯PM,User157,"Yeah, this one also works. Thanks!"
2/13/26,7:15â€¯PM,User158,This is the one for ABAP?
2/13/26,7:15â€¯PM,User149,"The course name in 2nd column, copy it and paste it"
2/13/26,7:15â€¯PM,User129,https://chat.whatsapp.com/E03wFJMBXI68ITFVxHC9PQ?mode=gi_t
2/13/26,7:15â€¯PM,User129,Follow this link to join my WhatsApp group: https://chat.whatsapp.com/E03wFJMBXI68ITFVxHC9PQ?mode=gi_t
2/13/26,7:15â€¯PM,User67,Sap otc ka link koi bhejo please
2/13/26,7:17â€¯PM,User108,FIORI ka bhi please
2/13/26,7:17â€¯PM,User155,https://learning.sap.com/certifications/sap-certified-associate-sap-fiori-application-developer-1?searchId=01ec7c8c-80ec-4e01-a5a9-1b5422f1cc54&listPosition=1
2/13/26,7:17â€¯PM,User149,SAP ABAP:
2/13/26,7:18â€¯PM,User64,Same
2/13/26,7:18â€¯PM,User58,Can anyone pls just confirm it once...like we will have the intro and pre requisite classes that will be held everyday on exelr...and then also have to complete the sap course we opted from the sap platform in parallel to those live classes going on in excelr....also like we will have to register in sap...? <This message was edited>
2/13/26,7:19â€¯PM,User129,Follow this link to join my WhatsApp group: https://chat.whatsapp.com/E03wFJMBXI68ITFVxHC9PQ?mode=gi_t
2/13/26,7:19â€¯PM,User155,The first one
2/13/26,7:20â€¯PM,User129,Only S2p people join
2/13/26,7:20â€¯PM,User159,If anyone found Data analytics course in sap pls share link
2/13/26,7:20â€¯PM,User99,Where is the Data engineer course ?
2/13/26,7:20â€¯PM,User152,Yes
2/13/26,7:20â€¯PM,User160,Integration developer ??
2/13/26,7:20â€¯PM,User83,https://learning.sap.com/certifications/sap-certified-associate-sap-business-data-cloud?searchId=1c688b1d-c075-4cf7-8e06-8a604ec67546&listPosition=1
2/13/26,7:23â€¯PM,User160,â€¦
2/13/26,7:23â€¯PM,User161,"Btw, anyone got their account completely verified for the course?"
2/13/26,7:23â€¯PM,User161,Yeah I got this
2/13/26,7:23â€¯PM,User161,Thats why im asking
2/13/26,7:23â€¯PM,User141,How did you verify your documents?
2/13/26,7:23â€¯PM,User141,It keeps showing error...
2/13/26,7:24â€¯PM,User161,Yea idk some ppl are getting error
2/13/26,7:25â€¯PM,User161,@â¨~Aditya Prakashâ© 
2/13/26,7:25â€¯PM,User157,I registered on sap and there was no need to upload id card or anything. Where are you guys uploading it?
2/13/26,7:26â€¯PM,User141,When you scroll down your login page
2/13/26,7:26â€¯PM,User87,bro how to verify?? please tell
2/13/26,7:26â€¯PM,User161,Verifying the thing which u got on mail
2/13/26,7:26â€¯PM,User162,exactly
2/13/26,7:27â€¯PM,User161,Yes
2/13/26,7:27â€¯PM,User161,That mail will take u to this page
2/13/26,7:27â€¯PM,User141,Here you'll need to verify but I uploaded everything I could
2/13/26,7:27â€¯PM,User120,exactly but I still got the verification mail
2/13/26,7:27â€¯PM,User161,Did your verification complete?
2/13/26,7:28â€¯PM,User141,"The ID card doesn't do it, I tried doing sap ss, but that didn't work either"
2/13/26,7:28â€¯PM,User157,I just got the onboarding mail
2/13/26,7:28â€¯PM,User163,add ur recovery email 
2/13/26,7:28â€¯PM,User141,"It's pending, if anyone manages to do it....do update"
2/13/26,7:28â€¯PM,User87,do i have to register??
2/13/26,7:29â€¯PM,User157,Yes
2/13/26,7:30â€¯PM,User87,but i have already the credential... then
2/13/26,7:30â€¯PM,User163,yes
2/13/26,7:30â€¯PM,User157,Those credentials are for excelr
2/13/26,7:30â€¯PM,User87,ohh
2/13/26,7:30â€¯PM,User87,thanks
2/13/26,7:30â€¯PM,User157,A random password and kiit mail as username right?
2/13/26,7:31â€¯PM,User87,register or log in?
2/13/26,7:31â€¯PM,User157,Register
2/13/26,7:31â€¯PM,User164,Register in sap portal
2/13/26,7:31â€¯PM,User157,Login on excelr using the credentials given through mail
2/13/26,7:32â€¯PM,User157,"Same doubt, I believe we have to complete the excelr foundation course first for this"
2/13/26,7:44â€¯PM,User68,Can someone verify if this is the course for btp
2/13/26,7:45â€¯PM,User149,Yes
2/13/26,7:45â€¯PM,User68,Thanks
2/13/26,7:46â€¯PM,User165,okay thnx
2/13/26,7:50â€¯PM,User149,Follow this link to join my WhatsApp group: https://chat.whatsapp.com/Bn4Pd555hFo2v5jgvsTXfC
2/13/26,7:56â€¯PM,User166,https://chat.whatsapp.com/Keh5z6CCmtf4FtS15048Wb?mode=gi_t
2/13/26,7:56â€¯PM,User166,Follow this link to join my WhatsApp group: https://chat.whatsapp.com/Keh5z6CCmtf4FtS15048Wb?mode=gi_t
2/13/26,7:57â€¯PM,User108,FIORI group?
2/13/26,7:58â€¯PM,User167,Can someone please forward the Data analytics group please
2/13/26,7:58â€¯PM,User158,Is there a group for ABAP?
2/13/26,8:00â€¯PM,User118,â€Open this link to join my WhatsApp Group: https://chat.whatsapp.com/DRnPzE42fSTGQspznxmIIc?mode=gi_t
2/13/26,8:00â€¯PM,User61,Integration dev group?
2/13/26,8:00â€¯PM,User167,Thanks âœ¨ï¸
2/13/26,8:01â€¯PM,User166,Follow this link to join my WhatsApp group: https://chat.whatsapp.com/Keh5z6CCmtf4FtS15048Wb?mode=gi_t
2/13/26,8:06â€¯PM,User168,anyone else still getting an error in verifying?
2/13/26,8:06â€¯PM,User166,No
2/13/26,8:06â€¯PM,User169,Yes
2/13/26,8:26â€¯PM,User170,Did someone register with their personal email ?
2/13/26,8:26â€¯PM,User170,Is that allowed cuz I did it
2/13/26,8:29â€¯PM,User171,I don't think so
2/13/26,8:30â€¯PM,User73,ion think so
2/13/26,8:30â€¯PM,User73,just register again with clg email
2/13/26,8:31â€¯PM,User119,Someone confirm this
2/13/26,8:31â€¯PM,User172,Yes
2/13/26,8:48â€¯PM,User67,Sap otc ka group and link bhejdo koi
2/13/26,8:50â€¯PM,User173,Waiting for this message
2/13/26,8:50â€¯PM,User172,What should we do
2/13/26,8:52â€¯PM,User67,.
2/13/26,8:57â€¯PM,User172,SAMEğŸ˜­
2/13/26,9:50â€¯PM,User166,Follow this link to join my WhatsApp group: https://chat.whatsapp.com/Keh5z6CCmtf4FtS15048Wb?mode=gi_t
2/13/26,9:52â€¯PM,User90,Any group for ABAP yet?
2/13/26,9:57â€¯PM,User41,is it necessary?
2/13/26,9:57â€¯PM,User174,Follow this link to join my WhatsApp group: https://chat.whatsapp.com/E6bUVL2vxnK7JiD39SCggz?mode=gi_t
2/13/26,9:58â€¯PM,User158,Will be helpful for course specific doubts for each course
2/13/26,9:59â€¯PM,User41,hmm sure
2/13/26,10:01â€¯PM,User175,Is there any grp frfiori?? <This message was edited>
2/13/26,10:07â€¯PM,User64,Is there any grp link for otc?
2/13/26,10:10â€¯PM,User85,SAP FIORI Developer WhatsApp Group https://chat.whatsapp.com/D7tOlV9ILiO5wB9j81JHhJ?mode=gi_t
2/13/26,10:24â€¯PM,User67,Bhai koi otc ka group banao
2/13/26,11:00â€¯PM,User176,"Hi Students,"
2/13/26,11:05â€¯PM,User177,Follow this link to join my WhatsApp group: https://chat.whatsapp.com/Igb420RzuFdL7ZFPw2ZZJN?mode=gi_t
2/13/26,11:06â€¯PM,User177,SAP OTC
2/13/26,11:29â€¯PM,User166,Follow this link to join my WhatsApp group: https://chat.whatsapp.com/Keh5z6CCmtf4FtS15048Wb?mode=gi_t
2/14/26,5:06â€¯PM,User63,classes are from Monday right? for all SAP courses?
2/14/26,5:09â€¯PM,User65,Yes
2/14/26,5:59â€¯PM,User178,Same problem sir
2/14/26,6:01â€¯PM,User142,Same sir
2/14/26,6:13â€¯PM,User169,Same problem sir
2/14/26,6:18â€¯PM,User179,Is there any group link for sap btp?
2/14/26,6:27â€¯PM,User85,.
2/14/26,6:29â€¯PM,User82,No problem... you can continue with MyLearning ğŸ˜Š.
2/14/26,6:36â€¯PM,User82,"Dear Students,"
2/14/26,6:36â€¯PM,User63,Thank you sir
2/14/26,6:37â€¯PM,User41,Thank you sir
2/14/26,6:39â€¯PM,User180,Monday to Friday?
2/14/26,6:48â€¯PM,User60,Thank you sir
2/15/26,4:43â€¯PM,User82,"Dear Students,"
2/16/26,12:02â€¯PM,User181,Can anyone provide me link for sap otc grp ???
2/16/26,12:12â€¯PM,User182,.
2/16/26,12:12â€¯PM,User181,It is showing Invite link is reset
2/16/26,12:22â€¯PM,User79,Any link for SAP Btp (c_cpe)?
2/16/26,12:26â€¯PM,User82,It will be shared soon...guys.
2/16/26,1:02â€¯PM,User82,"Guys, don't share unnecessary group links here... students will get confused. It's an official group, so let's keep it official. Else, I'll change the admin permission to post in the group..."
2/16/26,2:42â€¯PM,User137,Topic: ExcelR & KIIT_Feb26_ SAP Program _B8 -   6:30 PM â€“ 8:00 PM - OE
2/16/26,6:23â€¯PM,User176,Hello Everyone ğŸ‘‹ 
2/16/26,6:46â€¯PM,User105,Is the on-going class for everyone irrespective of the choice-based sap electives?
2/16/26,6:48â€¯PM,User183,Yes
2/16/26,6:48â€¯PM,User105,And after this we will be giving our attendance on ExcelR right?
2/16/26,6:49â€¯PM,User85,Yess
2/16/26,7:05â€¯PM,User137,"Hello Everyone,"
2/16/26,7:05â€¯PM,User184,After registering  if we don't attend this even after choosing continuing with both elective will we get backlog
2/16/26,7:06â€¯PM,User185,Have the same question <This message was edited>
2/16/26,7:07â€¯PM,User186,Have the same question sir
2/16/26,7:07â€¯PM,User46,People opting for both won't have any academic drawback 
2/16/26,7:08â€¯PM,User187,Have the same question sir
2/16/26,7:11â€¯PM,User108,No your subject in the grade report will be open elective only if you have opted both
2/16/26,8:06â€¯PM,User188,do we have to mark the attendance in excelr website or marking it through live class is sufficient?
2/16/26,8:07â€¯PM,User137,..
2/16/26,8:07â€¯PM,User188,ok thank you sir
2/16/26,10:45â€¯PM,User176,@all 
2/17/26,2:37â€¯PM,User137,"""Topic: ExcelR & KIIT_Feb26_ SAP Program _B8 -   6:30 PM â€“ 8:00 PM - OE"
2/17/26,6:31â€¯PM,User137,Hello Everyone ğŸ‘‹ 
2/18/26,11:29â€¯AM,User163,"Dear Sir,"
2/18/26,11:33â€¯AM,User137,Yes You will get that on LMS Portal shortly
2/18/26,11:34â€¯AM,User163,Thank you sir
2/18/26,3:58â€¯PM,User137,"""Topic: ExcelR & KIIT_Feb26_ SAP Program _B8 -   6:30 PM â€“ 8:00 PM - OE"
2/18/26,6:20â€¯PM,User137,Hello Everyone ğŸ‘‹ 
